{"cameraMode":{"drawMode":0,"name":"Shaded","section":"Shading Mode"},"sceneLighting":true,"audioPlay":false,"sceneViewState":{"m_AlwaysRefresh":false,"showFog":true,"showSkybox":true,"showFlares":true,"showImageEffects":true,"showParticleSystems":true,"showVisualEffectGraphs":true,"m_FxEnabled":true},"in2DMode":false,"pivot":{"x":-12.221405982971192,"y":7.2356767654418949,"z":-0.9770353436470032},"rotation":{"x":-0.37076279520988467,"y":-0.46749213337898257,"z":0.22522570192813874,"w":-0.7699785232543945},"size":0.8660253882408142,"orthographic":false}